-0.0032677857358843956,-0.014489955605683712,-0.12365606004007938
-0.004620814365326513,-0.019793286079643077,-0.12356256127437307
-0.006613624409573471,-0.02753331593139196,-0.12339673053085495
-0.009199950873781318,-0.03748093128986995,-0.12315418593463441
-0.012323362455377268,-0.049357858266942826,-0.122829357699562
-0.01591936504120917,-0.06285168212734465,-0.12241586224019536
-0.0199176837943754,-0.07763308275447307,-0.1219068926849962
-0.024244605287019737,-0.09337303687872808,-0.12129557390559617
-0.028825278488383888,-0.10975757328394391,-0.12057524323244692
-0.033585869433053764,-0.12649843026637952,-0.11973964404257642
-0.038455446922530494,-0.14333917205828803,-0.11878304204044503
-0.04336748093689381,-0.16005733552105067,-0.11770028380867179
-0.048260881115242155,-0.17646368057392417,-0.11648681624463157
-0.053080573120289624,-0.19239965916528884,-0.11513868054081225
-0.05777767387849926,-0.20773400750204615,-0.11365248987277903
-0.06230936213721057,-0.2223590882618759,-0.11202539705941263
-0.06663854705014619,-0.23618736334889656,-0.11025505671696131
-0.07073342426710069,-0.2491481962501657,-0.10833958524885404
-0.0745669875164579,-0.2611850641909223,-0.10627752108310207
-0.07811654188945566,-0.2722531898226237,-0.10406778679485186
-0.08136324693339562,-0.28231756481758047,-0.10170965412601239
-0.08429170435308703,-0.2913513211757031,-0.09920271243914605
-0.08688959621114112,-0.2993344015898788,-0.09654684080775831
-0.08914737405453396,-0.3062524822296652,-0.09374218372679889
-0.09105799637841533,-0.31209610635596385,-0.09078913029847353
-0.09261671043740766,-0.31685999330681414,-0.0876882966839131
-0.09382087401500562,-0.32054249355134506,-0.08444051158993068
-0.09466981294213836,-0.3231451661996296,-0.08104680456624726
-0.09516471064441905,-0.32467246039768305,-0.07750839691101684
-0.09530852662691866,-0.3251314864138456,-0.07382669501368924
-0.09510594147752201,-0.32453186600270595,-0.070003285999274
-0.09456332662990109,-0.32288565491757676,-0.06603993557368273
-0.09368873774372632,-0.320207333342725,-0.06193858800378494
-0.0924919311124262,-0.31651386263693876,-0.05770136819625899
-0.09098440297773888,-0.31182480921195954,-0.05333058586429034
-0.08917945198793652,-0.3061625386849017,-0.04882874178811013
-0.08709226523981775,-0.2995524856890117,-0.044198536180671356
-0.0847400283262878,-0.2920235069117043,-0.039442879158245576
-0.08214205947144619,-0.2836083270100015,-0.03456490328010138
-0.07931996703100112,-0.2743440889109874,-0.029567978051782413
-0.0762978281747734,-0.26427302140344394,-0.024455726169953448
-0.07310238420536233,-0.2534432374630851,-0.01923204110757927
-0.06976324441840726,-0.2419096757842912,-0.013901105378756082
-0.066313085391071,-0.22973519454141916,-0.008467408466056366
-0.06278782589885806,-0.21699181906353404,-0.0029357629289569363
-0.059226749352606176,-0.2037621319390845,0.0026886833567057854
-0.055672536251624105,-0.19014077256631656,0.008400441521957451
-0.05217116000957828,-0.17623598038339255,0.014193685935346378
-0.04877159309706107,-0.16217106904277992,0.02006227223048581
-0.04552527045538556,-0.14808565596047063,0.02599977330424999
-0.04248526800808167,-0.13413639492137694,0.03199953731778013
-0.03970517950847691,-0.12049687838958092,0.03805477103561261
-0.03723771519663956,-0.10735631345227048,0.044158650531136955
-0.035133094769358796,-0.09491656990796905,0.05030445936776502
-0.03343735174991198,-0.08338730046667013,0.056485751802118844
-0.03219068990140511,-0.07297907756383078,0.06269653526506068
-0.031426023810444285,-0.0638948616051046,0.0689314624757404
-0.031167798301688966,-0.056320512545026444,0.0751860197984008
-0.03143113252870177,-0.05041532712739989,0.08145669631416191
-0.0322212959378802,-0.04630360984974578,0.08774111881031178
-0.033533506777356094,-0.044068070072627454,0.09403814137948316
-0.035353046460183,-0.04374550378640192,0.1003478829806915
-0.03765569226049771,-0.04532491880445847,0.10667171031937486
-0.04040847326260125,-0.048748081819220905,0.11301216607367227
-0.043570742252340526,-0.05391239111584125,0.11937284460515885
-0.047095528547479684,-0.06067593079149253,0.125758220289026
-0.0509310999172223,-0.06886445769594465,0.13217343836882445
-0.05502262785830735,-0.07827987857395971,0.13862408412534086
-0.05931383344926784,-0.08870953845147121,0.1451159508238545
-0.06374849940662672,-0.09993546909878685,0.151654827573464
-0.0682717652768024,-0.1117427416824542,0.1582463236475106
-0.07283116418545608,-0.12392625946673833,0.16489573748419642
-0.07737739653041126,-0.1362956485941473,0.1716079698854051
-0.08186486029954541,-0.14867824148766848,0.17838747483475753
-0.08625196965576606,-0.16092040076031208,0.18523823886609284
-0.09050129765216262,-0.1728875620534898,0.1921637802291541
-0.09457957947921843,-0.18446339557475877,0.19916716077813487
-0.09845761130954926,-0.19554843758215643,0.2062510054188449
-0.10211007695675144,-0.20605846439969921,0.21341752554640003
-0.10551533034649406,-0.21592280053960766,0.22066854407045683
-0.10865515666032124,-0.2250826835606161,0.2280055204302436
-0.11151452962244905,-0.23348975604821243,0.2354295745535263
-0.11408137737480682,-0.24110471876498302,0.2429415090960583
-0.11634636512684701,-0.2478961555629461,0.2505418295652134
-0.118302699433895,-0.2538395266617649,0.25823076211686025
-0.11994595652800882,-0.25891631940517396,0.26600826893989427
-0.12127393547211067,-0.2631133423288405,0.27387406122380686
-0.1222865358667761,-0.2664221476809989,0.2818276097532423
-0.122985659247077,-0.26883856833829817,0.28986815319920933
-0.12337513302379466,-0.270362356649223,0.29799470418704777
-0.12346065573618581,-0.2709969146816942,0.30620605322241784
-0.12324976240458439,-0.27074910739320557,0.31450077055332487
-0.12275180883224876,-0.269629152235937,0.32287720604257003
-0.12197797375158419,-0.26765058057613333,0.33133348712472327
-0.12094127769104347,-0.26483026800087,0.3398675149284424
-0.11965661730708149,-0.26118853207145293,0.34847695866277245
-0.11814081362791447,-0.2567492973202329,0.35715924839969804
-0.1164126721326084,-0.25154032821463046,0.3659115664403362
-0.11449305177175266,-0.24559353133142625,0.3747308375354234
-0.11240493884959876,-0.23894532794816026,0.3836137183497311
-0.11017352005723482,-0.2316370974522056,0.3925565867226808
-0.10782624681188985,-0.2237156900931234,0.40155553149095974
-0.1053928803980673,-0.21523400426225775,0.41060634390794376
-0.10290550427888219,-0.20625161816955662,0.41970451201818176
-0.10039848653800218,-0.1968354578975046,0.42884521971231676
-0.09790837210434442,-0.1870604726898006,0.4380233525731075
-0.09547368183614872,-0.1770102733837223,0.44723351298141706
-0.09313459461203893,-0.16677767081762518,0.4564700472135829
-0.09093249044060081,-0.156465028237128,0.46572708733675783
-0.08890933845537116,-0.14618431692417735,0.4749986104878457
-0.08710692440376222,-0.13605674140161692,0.4842785174924786
-0.08556592794196928,-0.1262117865027248,0.4935607316499494
-0.08432487942735897,-0.11678554324378147,0.5028393168358672
-0.08341904601732872,-0.10791820500462025,0.5121086119092583
-0.08287931346767882,-0.09975069811773887,0.5213633759568836
-0.0827311386128201,-0.09242052010528069,0.5305989365576269
-0.08299364520055341,-0.08605698811261973,0.5398113315599422
-0.08367892275248105,-0.08077621940787663,0.5489974343956773
-0.08479156805983257,-0.07667624154193574,0.5581550539970477
-0.08632848741524335,-0.0738326403292458,0.5672830027400946
-0.0882789597370277,-0.07229510031756403,0.5763811288382091
-0.09062494859432299,-0.0720850964942446,0.5854503124326532
-0.09334164374077158,-0.07319488650219842,0.5944924267158337
-0.09639820707715692,-0.07558785091659947,0.603510266715714
-0.09975869106448446,-0.07920014174746909,0.6125074492286607
-0.10338308838535114,-0.08394352115580081,0.6214882883098597
-0.10722846142152906,-0.08970919593155956,0.630457652018624
-0.11125009206153211,-0.09637237824057626,0.6394208076735233
-0.11540259006022098,-0.10379724043462901,0.6483832642094375
-0.11964090388494594,-0.1118418997442112,0.6573506206979135
-0.12392119137294717,-0.12036308334133829,0.6663284292484335
-0.128201525689718,-0.12922018875842234,0.675322078385949
-0.13244243079459803,-0.13827855577027556,0.6843367001225348
-0.1366072561221873,-0.14741187930076174,0.693377101055417
-0.1406624104355463,-0.15650379383490137,0.7024477155524103
-0.14457747968645035,-0.16544873174901242,0.7115525777150331
-0.14832525439514413,-0.1741521960828685,0.7206953082932255
-0.15188169010477917,-0.1825305970581302,0.7298791128275458
-0.15522582122764625,-0.1905107901797887,0.7391067877431486
-0.15833964499409967,-0.1980294314949601,0.74838073169984
-0.1612079887500904,-0.20503223994819486,0.7577029600811619
-0.16381837076255829,-0.211473232479445,0.7670751210179592
-0.16616086206737993,-0.2173139769204056,0.7764985117666199
-0.16822795473830698,-0.22252289158372512,0.7859740946000182
-0.1700144402354325,-0.2270746084925627,0.7955025116303983
-0.17151730015731717,-0.23094940881811218,0.8050840981810493
-0.17273561071222443,-0.23413273351574648,0.8147188944704175
-0.17367046147860543,-0.2366147686596396,0.824406655479789
-0.17432488848240926,-0.23839010296979316,0.8341468589538011
-0.17470382122273428,-0.23945745403193663,0.8439387115402639
-0.17481404297714928,-0.23981945937357488,0.8537811531192784
-0.17466416346869376,-0.2394825286159516,0.8636728594075485
-0.17426460273797717,-0.23845675317904724,0.8736122429574467
-0.17362758479954934,-0.23675587033024012,0.8835974527066
-0.17276713933811594,-0.23439727862230034,0.8936263722769463
-0.17169910928564036,-0.23140210186377227,0.903696617276589
-0.17044116158572112,-0.22779529860928982,0.9138055319273284
-0.16901279777169906,-0.22360581364889445,0.9239501854291311
-0.16743536014204918,-0.21886676700310695,0.9341273685829485
-0.1657320283063388,-0.21361567436990356,0.9443335913268958
-0.16392779971478014,-0.20789469068471758,0.954565081997328
-0.16204944652463638,-0.20175086530592629,0.9648177893019119
-0.16012543989426828,-0.19523639320282782,0.9750873881776007
-0.1581858316868644,-0.1884088413283135,0.9853692908872473
-0.15626208283628182,-0.1813313231386808,0.9956586648612011
-0.1543868275706605,-0.17407258720365285,1.0059504588825317
-0.15259356364893556,-0.1667069785600399,1.0162394392056464
-0.15091626108899361,-0.15931422486633567,1.0265202370404833
-0.14938888582972176,-0.1519789950205626,1.0367874084788138
-0.14804484047072228,-0.14479017777281417,1.0470355073433153
-0.1469163314773617,-0.13783983441315914,1.0572591705830316
-0.14603368044472553,-0.1312217950840213,1.0674532147399716
-0.14542460520225747,-0.12502989383981067,1.0776127407505813
-0.14511350344343046,-0.11935587236359703,1.0877332430744016
-0.14512077588010325,-0.11428702257340662,1.0978107180735224
-0.14546222666540765,-0.10990367793279447,1.1078417659310733
-0.14614857566378733,-0.10627669463590382,1.1178236803706973
-0.14718511052889627,-0.1034650805215455,1.1277545210698716
-0.14857149760067676,-0.10151392830273778,1.1376331648358196
-0.15030176076008278,-0.10045279126737093,1.1474593330946339
-0.15236442782523638,-0.10029460811765331,1.15723359475589
-0.15474283559826588,-0.10103524458292343,1.1669573448432071
-0.1574155775152462,-0.10265367781098013,1.1766327603367175
-0.16035707192416873,-0.10511280862649702,1.1862627354881443
-0.16353822420056827,-0.10836084833842474,1.195850799540029
-0.16692715228961796,-0.11233319212728637,1.2054010203932424
-0.17048994317198532,-0.11695466189905818,1.2149178983366284
-0.17419140764455077,-0.12214198056041933,1.2244062544073375
-0.1779958030236419,-0.12780633011087833,1.2338711181611697
-0.18186749790887724,-0.13385585012178416,1.2433176194764604
-0.18577155953098948,-0.1401979512941021,1.2527508884414245
-0.18967425160950388,-0.14674134826081203,1.2621759664377155
-0.19354343806470248,-0.15339775168247644,1.2715977303793167
-0.1973488944592047,-0.1600831960785772,1.2810208308849254
-0.20106253408094335,-0.16671901154194144,1.2904496441241906
-0.204658558886475,-0.17323247117898666,1.2998882362924122
-0.20811354719268374,-0.17955716071828423,1.309340339169943
-0.21140649033707887,-0.18563312299657644,1.318809334987443
-0.21451878990605652,-0.19140682981912793,1.3282982487886104
-0.21743422592666548,-0.19683102919001325,1.3378097465913295
-0.22013890493264324,-0.20186450910839013,1.3473461378367397
-0.22262119526692464,-0.20647181155628955,1.3569093808381638
-0.22487165550877805,-0.21062292297421845,1.366501090167799
-0.22688296058994636,-0.21429296100095951,1.3761225451306953
-0.22864982902186928,-0.2174618717838763,1.3857746986639647
-0.2301689536974793,-0.22011414777382854,1.3954581861615278
-0.23143893794124987,-0.22223857251200466,1.4051733338617063
-0.23246023783620084,-0.22382799634585507,1.414920166549325
-0.23323511132881755,-0.2248791451129695,1.4246984144193546
-0.2337675741742357,-0.22539246244629468,1.4345075190295173
-0.2340633624078378,-0.2253719853388747,1.4443466383386716
-0.2341299006911171,-0.2248252518378874,1.454214650889971
-0.23397627555752715,-0.22376323911104262,1.4641101592561554
-0.23361321225929105,-0.22220032955397567,1.4740314929219227
-0.23305305357338668,-0.22015430200833466,1.4839767108376212
-0.23230973855269865,-0.2176463444701592,1.4939436039414389
-0.23139877880012527,-0.21470108382886607,1.5039296980149972
-0.23033722939916454,-0.21134662713946184,1.513932257310006
-0.22914365116251362,-0.20761460765627232,1.5239482894604248
-0.22783806037971988,-0.20354022732324306,1.533974552272907
-0.22644186178867384,-0.19916228562572103,1.5440075630638193
-0.22497776011247966,-0.19452318270014626,1.5540436112773108
-0.22346964525918556,-0.18966888246292127,1.5640787751667524
-0.2219424462601475,-0.18464881942249525,1.5741089433398554
-0.2204219493196589,-0.1795157310372755,1.5841298419419785
-0.21893457606461858,-0.1743253963419344,1.594137068166938
-0.21750711930918742,-0.16913626155733227,1.604126130624224
-0.21616643544594877,-0.16400893506898373,1.6140924968423431
-0.21493909494715457,-0.15900553804557466,1.6240316478426529
-0.2138509953321555,-0.1541889034790267,1.6339391392800608
-0.21292694415700456,-0.14962162566728088,1.6438106681358795
-0.21219022283664116,-0.14536497377165503,1.6536421434027229
-0.21166214506873257,-0.14147769614184322,1.6634297586788218
-0.21136162591252033,-0.13801475517118977,1.6731700641581748
-0.2113047788476344,-0.13502604377146946,1.682860035230603
-0.21150455817015612,-0.1325551424323859,1.6924971348414017
-0.21197046281219512,-0.13063817898063598,1.7020793669218244
-0.2127083152075739,-0.12930285101865244,1.7116053185703368
-0.21372012542372898,-0.12856766384295323,1.7210741891907075
-0.21500404677283694,-0.12844142530989008,1.730485805410749
-0.21655442484807969,-0.12892302489622737,1.7398406212510318
-0.21836193770610257,-0.13000150842962013,1.7491397036381022
-0.2204138209716568,-0.1316564438474422,1.758384703934512
-0.2226941681545437,-0.1338585579003585,1.767577816677826
-0.22518429358519004,-0.13657060982832497,1.7767217271789035
-0.2278631432192612,-0.139748456519946,1.785819550018405
-0.23070773724636445,-0.1433422553084424,1.7948747607822106
-0.233693628047785,-0.1472977460463546,1.8038911235652852
-0.23679535761262932,-0.15155755387154562,1.8128726168229254
-0.23998689998805994,-0.15606245813937603,1.8218233600420282
-0.2432420765610218,-0.16075258083108357,1.83074754344619
-0.24653493471681592,-0.16556845833679873,1.8396493625628978
-0.24984008341535618,-0.17045197250429742,1.8485329590132717
-0.2531329821861795,-0.175347128824714,1.8574023683883323
-0.2563901827256061,-0.18020068037346373,1.8662614756019364
-0.25958952451221917,-0.18496260480049193,1.8751139776993129
-0.2627102875513003,-0.18958644788068837,1.8839633537753178
-0.26573330650312305,-0.19402955091127702,1.892812841425802
-0.26864105109098707,-0.1982531808884949,1.901665419013646
-0.2714176779056055,-0.20222258237703655,1.910523792964873
-0.2740490586208095,-0.2059069688054617,1.9193903893030984
-0.2765227893079411,-0.20927946903622682,1.9282673486656523
-0.27882818506744056,-0.21231704283830777,1.937156524107344
-0.2809562636540446,-0.21500037660045734,1.9460594810762004
-0.28289972120714724,-0.21731376843764252,1.954977499030923
-0.2846529026446418,-0.21924500986002177,1.9639115742562159
-0.28621176875799287,-0.2207852694349771,1.9728624235157481
-0.28757386156911996,-0.22192898238238404,1.9818304882611786
-0.2887382690791872,-0.22267374878226046,1.9908159391884555
-0.289705590153859,-0.22302024201011847,1.9998186809993843
-0.29047789994421763,-0.22297212811107525,2.0088383572876216
-0.2910587159310121,-0.22253599604039975,2.017874355524477
-0.2914529643954622,-0.22172129799888624,2.0269258121719336
-0.29166694685616523,-0.22054029844301834,2.035991617998877
-0.2917083057635417,-0.21900802972375744,2.0450704237221573
-0.2915859885071863,-0.21714225168096757,2.054160646137158
-0.29131020856612944,-0.21496341187658277,2.063260474942921
-0.29089240241871,-0.21249460248020477,2.0723678805041534
-0.29034518063202625,-0.2097615091273229,2.0814806228256884
-0.2896822713788687,-0.20679234636658725,2.090596262042749
-0.28891845449468834,-0.20361777362781144,2.0997121707506223
-0.28806948410460037,-0.20027078502475862,2.1088255485074976
-0.28715199784057643,-0.19678656582631332,2.1179334388410203
-0.28618341075476905,-0.19320230817995715,2.127032749068893
-0.28518179224075163,-0.1895569787682676,2.1361202732025553
-0.2841657246237074,-0.1858910316537497,2.1451927181366877
-0.2831541425920282,-0.18224606075290964,2.1542467332326485
-0.282166153326066,-0.17866438829031878,2.16327894327917
-0.2812208380305673,-0.1751885882814805,2.172285984659365
-0.28033703657266484,-0.1718609475617589,2.1812645443735486
-0.2795331180227009,-0.16872287098931188,2.1902114013711174
-0.2788267410245107,-0.1658142419499364,2.1991234694447512
-0.27823460900131114,-0.16317275381195767,2.207997840753059
-0.2777722261396523,-0.16083323207155215,2.2168318288818742
-0.27745366079537437,-0.1588269701274944,2.225623010246911
-0.2772913233548101,-0.15718110352055345,2.2343692625948126
-0.2772957656093589,-0.15591804778389018,2.2430687993827885
-0.2774755083417624,-0.15505502366558804,2.251720198908753
-0.2778369030909121,-0.15460369047443012,2.2603224272171096
-0.27838403300117953,-0.15456990389679087,2.2688748540080894
-0.27911865633639044,-0.15495360918157203,2.277377261016627
-0.28004019472553043,-0.15574887449748245,2.285829842585742
-0.2811457665911359,-0.15694406295271632,2.2942331984264897
-0.28243026457737164,-0.15852213563382353,2.3025883188204603
-0.2838864742266725,-0.16046107243629315,2.310896562771588
-0.2855052297316838,-0.16273439274818224,2.3191596298416903
-0.2872756013873848,-0.1653117544804394,2.327379526598632
-0.28918510845118034,-0.16815960771439908,2.3355585287568634
-0.2912199505353454,-0.17124187846838068,2.343699140188101
-0.2933652504335687,-0.1745206587694912,2.3518040500185635
-0.29560530142152275,-0.17795688122802678,2.359876089006403
-0.2979238125414297,-0.18151095940715486,2.367918186312297
-0.3003041461268986,-0.1851433791261203,2.3759333276465857
-0.3027295427713167,-0.18881523005088255,2.3839245156112323
-0.3051833300050377,-0.1924886711369668,2.3918947328698854
-0.3076491120382653,-0.19612732737333669,2.399846908590102
-0.31011093897260145,-0.19969661859741716,2.4077838884219998
-0.3125534548260517,-0.20316402377454826,2.4157084081175477
-0.3149620245148974,-0.206499286020615,2.4236230707607365
-0.3173228405718168,-0.20967456483268793,2.431530327473781
-0.31962301085034417,-0.2126645425704022,2.439432461387951
-0.3218506287813621,-0.2154464923191444,2.447331574617275
-0.3239948279263377,-0.21800031398966213,2.455229577945587
-0.3260458226372668,-0.22030854498318686,2.4631281829281098
-0.32799493660868845,-0.22235635107447554,2.4710288961139284
-0.32983462101536076,-0.2241315024140014,2.4789330151116524
-0.33155846379031717,-0.22562433878057167,2.486841626244078
-0.3331611914288346,-0.22682772746420735,2.4947556035662
-0.33463866451769564,-0.22773701644853145,2.50267560905242
-0.3359878679961748,-0.22834998490321068,2.510602093791671
-0.3372068969628041,-0.22866679239319518,2.5185353000622857
-0.3382949386552841,-0.22868992766035576,2.526475264190889
-0.33925225105328405,-0.22842415732929328,2.534421820130799
-0.34008013838744955,-0.22787647442586043,2.542374603724879
-0.34078092368405366,-0.2270560461674359,2.550333057645201
-0.34135791833430795,-0.22597416008226567,2.5582964370268533
-0.34181538855121724,-0.22464416713700086,2.566263815835598
-0.3421585184659834,-0.22308142019517835,2.5742340940283848
-0.3423933695216499,-0.22130320579629933,2.5822060055817446
-0.342526835745708,-0.2193286669408504,2.590178127475275
-0.3425665944280799,-0.2171787143013093,2.5981488897253646
-0.34252105169913466,-0.21487592306852776,2.6061165865673526
-0.3423992824975394,-0.21244441250839394,2.6140793888818403
-0.34221096444349197,-0.20990970527268246,2.6220353579521194
-0.34196630519299204,-0.20729856361286647,2.6299824606239044
-0.3416759629467368,-0.20463879992184644,2.6379185859150156
-0.3413509599256209,-0.20195905951119641,2.645841563090783
-0.3410025888049046,-0.19928857425052346,2.653749181180407
-0.34064231232000736,-0.19665688666909872,2.66163920986049
-0.3402816565149415,-0.19409354534744147,2.6695094215752624
-0.33993209839265676,-0.19162777388178479,2.6773576147003117
-0.339604949034482,-0.18928811733061154,2.68518163749052
-0.33931123356940407,-0.1871020717613185,2.6929794124869173
-0.33906156967626055,-0.18509570419024396,2.70074896099555
-0.33886604657444397,-0.1832932717158697,2.708488427198853
-0.3387341066825869,-0.18171684984350214,2.7161961014209224
-0.33867443228256316,-0.1803859807628525,2.7238704420463247
-0.33869483960371205,-0.17931735256904635,2.7315100955903384
-0.33880218272956014,-0.17852452005588632,2.7391139144379864
-0.33900226962167684,-0.17801767675002214,2.7466809718095715
-0.3392997923531808,-0.17780348633814563,2.7542105735698903
-0.3396982733533582,-0.17788497965256841,2.761702266574045
-0.3402000290948412,-0.17826152104361156,2.7691558433312755
-0.3408061522195519,-0.17892884542183699,2.7765713428655925
-0.3415165126159614,-0.17987916465037176,2.783949047754247
-0.3423297774475202,-0.1811013394570082,2.7912894774281893
-0.34324344961176584,-0.1825811107563966,2.798593377918739
-0.3442539236043461,-0.18430138234533786,2.8058617083277153
-0.3453565572951525,-0.18624254545515864,2.8130956243804275
-0.34654575771716223,-0.18838283468038006,2.820296459488556
-0.3478150786420981,-0.19069870438354855,2.8274657037999984
-0.34915732748594497,-0.1931652147959587,2.8346049817429617
-0.3505646789610587,-0.19575641764972984,2.84171602858097
-0.3520287928723723,-0.19844573221181325,2.8488006664843932
-0.3535409335379622,-0.20120630394305275,2.8558607805944227
-0.35509208848711954,-0.20401133955866546,2.862898295510227
-0.35667308433480965,-0.20683441390105278,2.8699151525732876
-0.35827469802930173,-0.20964974564132483,2.876913288259064
-0.3598877619979207,-0.2124324403104307,2.883894613919545
-0.3615032620532768,-0.21515870045690585,2.8908609970548222
-0.3631124272504992,-0.21780600379511858,2.897814244230711
-0.36470681119013776,-0.22035325102978592,2.9047560857049795
-0.366278364530876,-0.2227808856247473,2.9116881617782293
-0.3678194987045459,-0.2250709881473833,2.9186120108475797
-0.36932314101040903,-0.22720734799518896,2.9255290591119287
-0.37078278140656895,-0.2291755153327998,2.9324406118562205
-0.3721925114163074,-0.23096283597136685,2.9393478462280354
-0.37354705563021573,-0.23255847173998187,2.94625180541195
-0.37484179631622455,-0.2339534086588031,2.95315339410452
-0.37607279165435487,-0.2351404549483889,2.9600533751943936
-0.37723678809651,-0.23611423061711942,2.9669523675570755
-0.37833122731885904,-0.23687115007141096,2.9738508448813774
-0.37935424818982993,-0.2374093989007038,2.980749135453899
-0.3803046841243925,-0.23772890570680447,2.9876474228383127
-0.3811820561385938,-0.23783130957862877,2.994545747397237
-0.3819865618601435,-0.23771992356065003,3.0014440086155885
-0.3827190606937376,-0.23739969422733567,3.0083419681950643
-0.38338105528590044,-0.2368771572570114,3.0152392538994763
-0.38397466938529545,-0.23616038869733819,3.0221353641396793
-0.3845026221523586,-0.2352589514316728,3.029029673294539
-0.3849681989382531,-0.23418383619239638,3.0359214377704755
-0.3853752185289089,-0.2329473963261532,3.0428098028063615
-0.3857279968365633,-0.23156327540029586,3.0496938100327267
-0.38603130701991434,-0.23004632665445254,3.056572405794092
-0.38629033602571716,-0.22841252325216987,3.0634444502406537
-0.3865106375701744,-0.22667885828253237,3.0703087271902896
-0.3866980816182506,-0.22486323350909113,3.0771639547538365
-0.38685880047312793,-0.22298433597254175,3.0840087967056946
-0.3869991316559331,-0.221061501733382,3.0908418745680653
-0.3871255578364571,-0.21911456629900228,3.0976617803605917
-0.3872446441669583,-0.2171637016214119,3.1044670899480895
-0.38736297347053156,-0.2152292399779572,3.111256376897791
-0.3874870798393306,-0.21333148555300616,3.1180282267347237
-0.3876233813017273,-0.21149051511153263,3.1247812514602455
-0.38777811231619397,-0.2097259697756807,3.1315141041754755
-0.38795725693781896,-0.2080568405544925,3.1382254936295224
-0.38816648357533784,-0.2065012508997173,3.144914198493437
-0.388411082307163,-0.20507624012664374,3.1515790811460143
-0.3886959057496522,-0.203797552005942,3.158219100748272
-0.3890253144664626,-0.2026794331601345,3.164833325380666
-0.3894031278724508,-0.20173444605194163,3.171420943021674
-0.3898325815189998,-0.20097330130629373,3.177981271158562
-0.39031629155133973,-0.2004047138505506,3.184513764840926
-0.3908562270053589,-0.20003528688969996,3.1910180230143252
-0.39145369046582257,-0.19986942707053115,3.197493793004184
-0.39210930744498584,-0.1999092933596359,3.2039409730577857
-0.39282302466603003,-0.2001547812041297,3.2103596128932663
-0.39359411725552873,-0.20060354250867576,3.216749912247432
-0.39442120466917124,-0.2012510408997054,3.2231122174574507
-0.3953022750009237,-0.20209064071063637,3.2294470161534257
-0.3962347171629949,-0.20311372716100654,3.2357549301781594
-0.39721536027722465,-0.20430985436295465,3.2420367068857163
-0.39824051949207145,-0.2056669171075214,3.248293209000547
-0.39930604733680136,-0.2071713418877751,3.254525403243025
-0.4004073896484849,-0.2088082923211132,3.260734347944543
-0.4015396450597273,-0.21056188404226275,3.2669211798854505
-0.4026976270162946,-0.21241540424238622,3.273087100591985
-0.4038759273033411,-0.2143515313081824,3.279233362324301
-0.4050689800949573,-0.21635255043886548,3.285361253977247
-0.4062711256012554,-0.2184005616530315,3.2914720870997156
-0.40747667246626784,-0.22047767720315967,3.2975671822182155
-0.40867995816393315,-0.22256620605435165,3.3036478556271494
-0.4098754067434255,-0.22464882372031983,3.30971540678333
-0.41105758338406856,-0.2267087263532277,3.3157711064168383
-0.4122212453293881,-0.22872976853111254,3.3218161854454564
-0.4133613888753744,-0.23069658466096965,3.3278518247565025
-0.41447329218636647,-0.23259469430805124,3.3338791458986394
-0.4155525538005648,-0.2344105920698732,3.3398992027075245
-0.4165951267643165,-0.23613182283943085,3.3459129738733004
-0.4175973483990646,-0.23774704345269776,3.351921356444911
-0.4185559657569804,-0.23924607179962556,3.3579251602560034
-0.41946815686115557,-0.2406199245058806,3.3639251032495543
-0.4203315478546011,-0.24186084427502186,3.369921807673071
-0.4211442262002993,-0.24296231792787393,3.3759157971130023
-0.4219047500834974,-0.24391908609666413,3.381907494335502
-0.4226121541687428,-0.2447271454340647,3.3878972199006294
-0.42326595185931254,-0.2453837440883158,3.3938851915181587
-0.42386613419713637,-0.2458873710805739,3.3998715241150745
-0.4244131655284513,-0.24623774010389227,3.4058562305873363
-0.4249079760455934,-0.24643576814821927,3.4118392232113153
-0.42535195129976794,-0.2464835492451696,3.4178203156932416
-0.4257469187645074,-0.24638432352220338,3.4237992258378327
-0.4260951315158924,-0.24614244165996987,3.4297755788198048
-0.4263992490844699,-0.24576332476044907,3.4357489110440653
-0.42666231552604816,-0.24525341955856683,3.4417186745818382
-0.42688773475500963,-0.24462014884759795,3.4476842421706997
-0.4270792431851756,-0.24387185694042204,3.4536449127663515
-0.42724087973021,-0.24301774995621633,3.4595999176328407
-0.42737695322855546,-0.24206783070725987,3.4655484269557593
-0.4274920073773013,-0.2410328279651093,3.4714895569596833
-0.4275907832853581,-0.2399241199114502,3.4774223775066826
-0.42767817978879274,-0.23875365162830553,3.4833459201471566
-0.42775921170985864,-0.23753384655659515,3.48925918658758
-0.42783896628551554,-0.2362775119523789,3.495161157532009
-0.4279225580401355,-0.23499773849677769,3.501050801845576
-0.4280150824293406,-0.2337077943677626,3.506927085978858
-0.4281215686358603,-0.2324210142575461,3.5127889835821735
-0.4282469319519469,-0.2311506840143859,3.518635485228891
-0.4283959262339649,-0.2299099217965961,3.5244656081570653
-0.428573096960783,-0.22871155684200534,3.5302784059296206
-0.4287827354659522,-0.22756800716886594,3.5360729779053064
-0.42902883494178967,-0.2264911577238086,3.5418484784062927
-0.42931504882903887,-0.22549224066752355,3.5476041254639963
-0.4296446522067293,-0.22458171962796114,3.5533392090229925
-0.43002050678171916,-0.22376917984316816,3.559053098484028
-0.4304450300453281,-0.22306322615209973,3.564745249471455
-0.430920169115365,-0.2224713907648586,3.5704152097179827
-0.43144737971643543,-0.22200005264977093,3.576062623970469
-0.43202761067118745,-0.2216543702129023,3.581687237834328
-0.43266129418237276,-0.221438228719096,3.5872889004907305
-0.43334834208312606,-0.2213542036190124,3.5928675662395873
-0.43408814812405255,-0.2214035406138771,3.5984232948417967
-0.434879596254191,-0.22158615292132963,3.6039562506557137
-0.4357210747424205,-0.221900635816516,3.609466700584574
-0.43661049588004763,-0.2223442981281213,3.6149550108729636
-0.43754532090751375,-0.2229132099853515,3.62042164281067
-0.4385225897213614,-0.22360226575421657,3.6258671474207786
-0.439538954844201,-0.22440526078358927,3.6312921592251053
-0.4405907190822226,-0.22531498031491065,3.6366973891935777
-0.4416738762529112,-0.22632329870274848,3.642083616994649
-0.4427841543404869,-0.22742128695213337,3.6474516826710666
-0.44391706042795037,-0.22859932650474485,3.6528024778692583
-0.4450679267616272,-0.22984722719827821,3.6581369367513346
-0.44623195732536564,-0.2311543473772733,3.663456026716413
-0.4474042743352246,-0.23250971424225156,3.668760739052977
-0.44857996410943934,-0.23390214267806028,3.6740520796366525
-0.4497541218203179,-0.2353203509913868,3.6793310597786264
-0.4509218946920908,-0.23675307220039427,3.684598687319333
-0.45207852326923514,-0.23818915974536758,3.689855958050609
-0.4532193804412075,-0.23961768671789718,3.69510384753762
-0.4543400079698729,-0.24102803792846308,3.700343303399987
-0.4554361503235176,-0.24240999434088467,3.7055752381000433
-0.45650378567484384,-0.2437538095913111,3.710800522275299
-0.4575391539687503,-0.2450502784753748,3.716019978642257
-0.45853878200834225,-0.24629079742764387,3.7212343764898135
-0.4594995055441315,-0.24746741713191545,3.72644442677271
-0.4604184883816962,-0.2485728874897651,3.731650777808898
-0.46129323854733234,-0.24960069523963893,3.7368540115792017
-0.46212162156977005,-0.2505450945618654,3.7420546406232784
-0.46290187094933677,-0.25140113102891265,3.747253105522475
-0.4636325958945967,-0.25216465926787407,3.7524497729576733
-0.4643127864111244,-0.2528323546964167,3.7576449343284746
-0.4649418158283557,-0.2534017196770594,3.762838804918971
-0.46551944084908026,-0.2538710844102762,3.7680315235947828
-0.4660457992027745,-0.2542396028569287,3.7732231530158598
-0.4665214049792715,-0.25450724394705876,3.7784136803496446
-0.4669471417138481,-0.2546747782970194,3.7836030184694747
-0.46732425328926375,-0.25474376062195675,3.788791007623439
-0.4676543327151575,-0.2547165079972596,3.7939774175592125
-0.4679393088409991,-0.2545960740920709,3.799161950090601
-0.4681814310559603,-0.2543862194714772,3.804344242091522
-0.4683832520280316,-0.2540913780426171,3.8095238689028914
-0.4685476085358215,-0.2537166197046385,3.814700348137317
-0.4686776004500403,-0.2532676092540656,3.819873143865526
-0.46877656792794065,-0.2527505615964984,3.825041671167111
-0.46884806689312125,-0.252172193323352,3.830205301026359
-0.4688958428851998,-0.25153967072911254,3.835363365551681
-0.4689238033789161,-0.2508605543707379,3.840515163494449
-0.4689359886901333,-0.2501427403065524,3.845659966039895
-0.46893654160673987,-0.24939439819718745,3.8507970228391906
-0.4689296759052672,-0.24862390650538216,3.8559255682479314
-0.46891964393865077,-0.24783978509397514,3.861044827732091
-0.46891070350635694,-0.2470506255909251,3.866154024398192
-0.46890708424433036,-0.24626501996496722,3.8712523856000622
-0.46891295379802383,-0.24549148783331512,3.876339149570291
-0.4689323840661888,-0.2447384031009663,3.88141357202047
-0.46896931782509865,-0.24401392060656207,3.8864749326507555
-0.46902753606138126,-0.24332590351898772,3.8915225415063293
-0.46911062635559503,-0.24268185228840122,3.896555745116187
-0.46922195266710465,-0.24208883600158426,3.901573932348538
-0.4693646268728172,-0.24155342702105786,3.906576539917057
-0.46954148240721744,-0.24108163979735095,3.9115630574734905
-0.46975505033840015,-0.2406788747318265,3.916533032224688
-0.47000753819419855,-0.24034986793203264,3.9214860730161525
-0.4703008118240994,-0.2400986476420723,3.9264218538295648
-0.47063638054677087,-0.23992849804743333,3.9313401166484745
-0.4710153857903552,-0.23984193104861226,3.9362406736542637
-0.4714385933841316,-0.23984066647326155,3.9411234087234885
-0.4719063896069224,-0.23992562105597973,3.945988278207515
-0.4724187810410849,-0.24009690636252373,3.950835310985778
-0.4729753982226441,-0.24035383567599583,3.9556646077947177
-0.47357550301968865,-0.2406949397016323,3.9604763398451994
-0.4742179996142106,-0.2411179907894604,3.965270746751712
-0.4749014489086747,-0.24162003522538777,3.9700481338065723
-0.47562408612920765,-0.24219743300591096,3.97480886864151
-0.4763838413536462,-0.24284590439361098,3.9795533773271
-0.47717836265580366,-0.2435605824531643,3.984282139967401
-0.47800504152795176,-0.24433607069301364,3.9889956858526925
-0.47886104022213166,-0.24516650488738712,3.993694588237283
-0.479743320637667,-0.24604561812727102,3.9983794588119945
-0.48064867437702513,-0.24696680814649685,4.003050941942075
-0.48157375359457427,-0.2479232059886848,4.007709708741072
-0.4825151022721905,-0.24890774512003194,4.012356451049712
-0.48346918757127294,-0.24991323014891345,4.016991875386146
-0.4844324309315814,-0.25093240438266456,4.021616696930382
-0.48540123861238793,-0.2519580155312235,4.026231633601284
-0.48637203139965846,-0.2529828789530336,4.030837400279578
-0.48734127323330284,-0.2539999379273777,4.035434703224903
-0.4883054985399439,-0.255002320526098,4.040024234729382
-0.48926133808823946,-0.2559833927437919,4.044606668044521
-0.4902055432147448,-0.25693680762687876,4.049182652612647
-0.49113500829794676,-0.2578565502167199,4.053752809628801
-0.4920467913858928,-0.2587369781890437,4.058317727953867
-0.4929381329083803,-0.2595728581305579,4.062877960395071
-0.49380647242768566,-0.26035939744350894,4.06743402036568
-0.4946494634021563,-0.26109227191013107,4.071986378931889
-0.4954649859546142,-0.26176764898176313,4.076535462251517
-0.4962511576524839,-0.2623822068824737,4.0810816494061335
-0.49700634231898705,-0.26293314963506825,4.085625270625743
-0.4977291569048277,-0.26341821812920463,4.090166605902963
-0.49841847645776693,-0.263835697357925,4.09470588399185
-0.4990734372336114,-0.26418441995115455,4.099243281785009
-0.49969343799671323,-0.2644637661335438,4.103778924061387
-0.5002781395613829,-0.2646736602303336,4.108312883596086
-0.5008274626279594,-0.26481456383955065,4.112845181622708
-0.5013415839689427,-0.26488746578258837,4.117375788637924
-0.5018209310218539,-0.26489386893883743,4.12190462553733
-0.5022661749466087,-0.2648357740641738,4.126431565070971
-0.5026782222064019,-0.2647156606884165,4.130956433606265
-0.503058204732624,-0.2645364651838847,4.135479013185384
-0.5034074687363518,-0.2643015560964204,4.139999043863357
-0.5037275622316219,-0.26401470683212835,4.144516226312355
-0.5040202213391379,-0.2636800657979861,4.149030224676626
-0.5042873554433704,-0.2633021241026895,4.1535406696614885
-0.5045310312812157,-0.2628856809358186,4.158047161838583
-0.504753456046518,-0.26243580675874256,4.1625492751482565
-0.5049569596017741,-0.2619578044596243,4.167046560578471
-0.5051439758961642,-0.261457168647287,4.171538549998105
-0.5053170236975607,-0.2609395432842918,4.176024760120838
-0.505478686755188,-0.26041067788790223,4.180504696574123
-0.5056315935189305,-0.25987638255807655,4.18497785804602
-0.505778396550651,-0.2593424821234592,4.189443740480999
-0.5059217517720122,-0.25881476972860623,4.193901841294174
-0.5060642977018442,-0.25829896021729853,4.198351663572003
-0.5062086348437587,-0.2578006436965689,4.2027927202261885
-0.5063573053910863,-0.25732523969271387,4.207224538066539
-0.5065127734209942,-0.256877952332755,4.211646661757874
-0.506677405752451,-0.25646372700125614,4.216058657625784
-0.5068534536432672,-0.256087208931868,4.220460117276237
-0.5070430354994705,-0.2557527041943806,4.224850660994703
-0.5072481207655791,-0.25546414353054736,4.229229940891693
-0.5074705151567691,-0.255225049474891,4.233597643763338
-0.5077118473834492,-0.255038507169827,4.237953493638035
-0.5079735575053831,-0.25490713924779024,4.242297253983005
-0.5082568870363604,-0.25483308510705793,4.246628729548074
-0.5085628709017379,-0.25481798485341073,4.25094776782785
-0.508892331330244,-0.2548629681178009,4.255254260127773
-0.5092458737386595,-0.2549686478922507,4.259548142224153
-0.5096238846437958,-0.25513511945398226,4.263829394613182
-0.5100265316111071,-0.25536196437316866,4.268098042348924
-0.5104537652238204,-0.2556482595246864,4.272354154475329
-0.5109053230312236,-0.2559925909508575,4.276597843062279
-0.5113807354102523,-0.2563930723523455,4.280829261860464
-0.5118793332513054,-0.25684736791992474,4.2850486045943725
-0.5124002573577842,-0.25735271916237107,4.289256102916809
-0.5129424694296135,-0.2579059753365372,4.293452024051979
-0.5135047644843358,-0.25850362704578156,4.297636668157338
-0.5140857845555363,-0.25914184254295186,4.301810365436949
-0.5146840334975493,-0.2598165062543773,4.3059734730410515
-0.5152978927177052,-0.26052325903172074,4.310126371787889
-0.5159256376528049,-0.26125753963869025,4.314269462744571
-0.5165654548049691,-0.26201462698881484,4.318403163703924
-0.5172154591533434,-0.26278968266781777,4.322527905593854
-0.5178737117621146,-0.2635777932984522,4.326644128854882
-0.5185382374116264,-0.26437401233575303,4.330752279820169
-0.5192070420877536,-0.2651734009151937,4.3348528071306305
-0.5198781301747494,-0.26597106741390525,4.338946158215747
-0.5205495212081688,-0.2667622054246432,4.343032775868405
-0.5212192660568304,-0.2675421298824033,4.3471130949396946
-0.5218854624157715,-0.26830631112343084,4.351187539177054
-0.5225462695054558,-0.26905040669494074,4.35525651822658
-0.5231999218858302,-0.26977029077042286,4.359320424817751
-0.5238447423069374,-0.2704620810593816,4.363379632146271
-0.5244791535304799,-0.27112216313133614,4.367434491468316
-0.5251016890688203,-0.2717472121016472,4.371485329917118
-0.5257110027992786,-0.2723342116511126,4.375532448550614
-0.5263058774221574,-0.27288047037231206,4.37957612063684
-0.5268852317406458,-0.27338363545348426,4.383616590181832
-0.5274481267496143,-0.27384170372548955,4.387654070703031
-0.5279937705283172,-0.27425303010940544,4.391688744249587
-0.5285215219392219,-0.27461633351182907,4.395720760669473
-0.5290308931416287,-0.27493070022235144,4.399750237122006
-0.5295215509345199,-0.2751955848732801,4.403777257833098
-0.5299933169482548,-0.27541080902587134,4.407801874089494
-0.5304461667094076,-0.2755765574504479,4.411824104467184
-0.5308802276073236,-0.27569337217016215,4.415843935288224
-0.5312957757949306,-0.27576214434014384,4.4198613212993125
-0.5316932320600931,-0.27578410403564924,4.423876186564593
-0.5320731567074055,-0.2757608080248849,4.427888425564341
-0.5324362434938787,-0.2756941256046635,4.431897904490372
-0.5327833126655355,-0.27558622258018456,4.435904462728218
-0.5331153031455539,-0.27543954347420446,4.439907914515327
-0.5334332639283245,-0.2752567920558213,4.443908050763708
-0.5337383447376314,-0.27504091028516126,4.447904641034673
-0.5340317860111495,-0.2747950557774831,4.45189743565247
-0.5343149082775444,-0.2745225778986403,4.455886167942799
-0.5345891009966544,-0.2742269926134239,4.459870556581346
-0.534855810937469,-0.2739119562189748,4.463850308036672
-0.5351165301728359,-0.2735812381070643,4.467825119090954
-0.5353727837739493,-0.27323869271139467,4.471794679421325
-0.5356261172916073,-0.27288823080891683,4.475758674223778
-0.5358780841148512,-0.27253379035718944,4.479716786860991
-0.5361302328008227,-0.27217930706264265,4.483668701514768
-0.5363840944723486,-0.2718286848868588,4.487614105823367
-0.5366411703817753,-0.27148576670918995,4.4915526934836025
-0.5369029197407952,-0.2711543053737332,4.495484166797417
-0.5371707479163152,-0.27083793535639833,4.499408239142581
-0.5374459950917051,-0.2705401452930632,4.503324637347375
-0.5377299254909377,-0.2702642516121772,4.507233103949453
-0.5380237172601224,-0.27001337351425003,4.511133399319733
-0.5383284530966829,-0.269790409536126,4.515025303632984
-0.5386451117109263,-0.26959801592955374,4.518908618667896
-0.5389745601980049,-0.2694385870711778,4.522783169420739
-0.5393175473903106,-0.2693142381046799,4.526648805518317
-0.5396746982512663,-0.26922678999548094,4.530505402417693
-0.5400465093613748,-0.26917775715440645,4.53435286238221
-0.5404333455363969,-0.26916833775936605,4.538191115225474
-0.5408354376058367,-0.2691994068738667,4.542020118817329
-0.5412528813676761,-0.2692715124286397,4.545839859348295
-0.5416856377227508,-0.2693848740984658,4.5496503513514375
-0.5421335339795035,-0.2695393850711461,4.553451637483217
-0.5425962663073106,-0.2697346166702523,4.557243788067364
-0.5430734033043781,-0.2699698257585519,4.561026900408311
-0.5435643906345565,-0.27024396481561,4.564801097883092
-0.5440685566765275,-0.2705556945517132,4.568566528822828
-0.54458511911885,-0.27090339889159576,4.572323365196968
-0.5451131924254681,-0.27128520213602536,4.576071801115297
-0.5456517960886121,-0.2716989880875702,4.5798120511643265
-0.5461998635796473,-0.27214242090916363,4.58354434859599
-0.5467562519034157,-0.27261296747060587,4.587268943387693
-0.5473197516579917,-0.2731079209289847,4.590986100193503
-0.5478890974995334,-0.2736244252841164,4.594696096206824
-0.548462978911015,-0.27415950064935474,4.59839921895512
-0.5490400511740183,-0.2747100689812363,4.602095764047267
-0.5496189464443408,-0.2752729800180844,4.605786032893809
-0.5501982848348537,-0.27584503718748093,4.60947033041999
-0.550776685412676,-0.2764230232549758,4.613148962790679
-0.5513527770222023,-0.2770037255010609,4.616822235165528
-0.5519252088506805,-0.27758396022979054,4.620490449501661
-0.5524926606587537,-0.27816059643000535,4.624153902420118
-0.5530538526045097,-0.2787305784284399,4.62781288315106
-0.5536075545959999,-0.27929094739264554,4.631467671571483
-0.5541525951137679,-0.27983886156025,4.635118536347877
-0.554687869451565,-0.2803716150892737,4.638765733194962
-0.5552123473300201,-0.2808866554417534,4.642409503260267
-0.5557250798445023,-0.281381599229566,4.646050071643048
-0.5562252057146871,-0.28185424646693624,4.649687646054728
-0.5567119568093764,-0.2823025931885407,4.65332241562682
-0.5571846629258677,-0.28272484240532825,4.656954549871065
-0.5576427558086229,-0.2831194133821459,4.66058419779541
-0.5580857723971102,-0.2834849492320106,4.664211487178333
-0.5585133572975104,-0.28382032283146025,4.667836524002988
-0.5589252644774797,-0.2841246410699244,4.6714593920516885
-0.5593213581873745,-0.2843972474535854,4.6750801526602865
-0.5597016131152845,-0.28463772309086066,4.678698844631171
-0.560066113786921,-0.2848458860925579,4.682315484302745
-0.5604150532248959,-0.28502178942505957,4.685930065772488
-0.5607487308852362,-0.2851657172597142,4.689542561269955
-0.5610675498921358,-0.28527817986607173,4.693152921675343
-0.5613720135949933,-0.28535990710082193,4.696761077178591
-0.5616627214747336,-0.2854118405483826,4.70036693807333
-0.5619403644292984,-0.2854351243731422,4.703970395679337
-0.562205719471031,-0.28543109494747027,4.707571323386581
-0.5624596438714881,-0.28540126932383675,4.711169577813314
-0.5627030687919912,-0.2853473326237851,4.7147650000701065
-0.5629369924409939,-0.2852711244211069,4.718357417121178
-0.5631624728020633,-0.28517462420139245,4.721946643233788
-0.563380619978963,-0.2850599359851621,4.7255324815059945
-0.5635925882069442,-0.2849292722069994,4.729114725462541
-0.563799567581877,-0.28478493694844675,4.732693160708191
-0.5640027755612567,-0.284629308627825,4.736267566627392
-0.5642034482933506,-0.28446482225549746,4.739837718118752
-0.564402831832767,-0.28429395136831226,4.743403387352482
-0.56460217330248,-0.2841191897618843,4.746964345538658
-0.5648027120637784,-0.28394303314388564,4.750520364693929
-0.5650056709566638,-0.283767960835434,4.754071219394177
-0.5652122476738548,-0.28359641765085,4.757616688500539
-0.5654236063317074,-0.28343079608832145,4.761156556846237
-0.5656408693009782,-0.28327341896521374,4.764690616871809
-0.5658651093594099,-0.2831265226317405,4.768218670196518
-0.5660973422265584,-0.28299224089532776,4.77174052911413
-0.5663385195390919,-0.28287258978514723,4.77525601800164
-0.5665895223219533,-0.28276945328187514,4.778764974630165
-0.5668511550072919,-0.28268457013169696,4.782267251367887
-0.5671241400489465,-0.2826195218559024,4.785762716265767
-0.5674091131755246,-0.2825757220581235,4.7892512540176515
-0.5677066193198151,-0.28255440712042107,4.7927327667874735
-0.5680171092564436,-0.28255662836712636,4.796207174897323
-0.5683409369733949,-0.2825832457617387,4.7996744173714205
-0.5686783577963785,-0.2826349231874527,4.803134452332276
-0.569029527278063,-0.2827121253462547,4.806587257246673
-0.5693945008570815,-0.2828151162952342,4.810032829020475
-0.5697732342844891,-0.2829439596220726,4.813471183942626
-0.5701655848081557,-0.28309852024487586,4.81690235748013
-0.5705713130985077,-0.2832784678049052,4.8203264039271145
-0.5709900858921892,-0.28348328160460695,4.823743395912439
-0.5714214793237021,-0.28371225702793557,4.827153423771525
-0.5718649829089973,-0.2839645133655467,4.830556594789303
-0.5723200041394059,-0.2842390029542512,4.833953032322224
-0.5727858736392933,-0.28453452152835734,4.83734287480828
-0.5732618508364509,-0.28484971967034917,4.840726274674821
-0.5737471300905476,-0.28518311523987877,4.8441033971547105
-0.5742408472219911,-0.28553310665336307,4.847474419021936
-0.5747420863812902,-0.28589798688160883,4.850839527258269
-0.5752498871974897,-0.28627595802983924,4.8541989176628855
-0.5757632521434374,-0.28666514636321294,4.857552793417069
-0.5762811540555247,-0.2870636176413353,4.860901363616142
-0.5768025437460746,-0.28746939262724724,4.864244841780742
-0.5773263576476947,-0.2878804626398053,4.867583444359359
-0.577851525430609,-0.2882948050230792,4.870917389233758
-0.5783769775361767,-0.2887103984122202,4.874246894238544
-0.5789016525724283,-0.28912523768201787,4.8775721757056365
-0.5794245045204481,-0.2895373484718803,4.880893447043877
-0.5799445097037217,-0.28994480118907173,4.884210917363404
-0.580460673476106,-0.290345724400544,4.887524790153749
-0.5809720365877881,-0.29073831753245183,4.890835262023922
-0.5814776811924278,-0.2911208628052969,4.894142521512034
-0.5819767364625785,-0.29149173634147696,4.897446747971245
-0.5824683837843937,-0.29184941839070955,4.900748110538079
-0.5829518615065222,-0.2921925026272687,4.90404676718839
-0.5834264692219303,-0.2925197044811373,4.907342863885512
-0.5838915715651364,-0.29282986847298936,4.910636533824367
-0.5843466015109882,-0.2931219745303337,4.9139278967745925
-0.5847910631646218,-0.2933951432691507,4.917217058525033
-0.58522453403562,-0.2936486402319346,4.920504110431238
-0.5856466667926138,-0.2938818790792117,4.923789129066961
-0.5860571904976566,-0.2940944237373653,4.9270721759799905
-0.586455911322633,-0.2942859895109726,4.930353297552041
-0.5868427127527556,-0.29445644317289044,4.933632524961822
-0.5872175552848584,-0.29460580205003645,4.936909874249852
-0.587580475630721,-0.29473423212725103,4.94018534648302
-0.5879315854380595,-0.29484204519581836,4.94345892801639
-0.588271069544115,-0.2949296950772201,4.946730590849237
-0.5885991837789593,-0.29499777295652146,4.950000293071833
-0.5889162523377258,-0.2950470018634819,4.953267979399039
-0.5892226647429863,-0.29507823034306796,4.95653358178633
-0.5895188724204032,-0.2950924253605464,4.959797020123469
-0.5898053849126332,-0.29509066448976473,4.963058203000647
-0.5900827657582085,-0.29507412743659706,4.966317028541542
-0.5903516280637952,-0.29504408695283996,4.969573385297404
-0.5906126297998119,-0.29500189919908304,4.972827153195939
-0.5908664688508782,-0.29494899361823346,4.9760782045384655
-0.5911138778539411,-0.2948868623844206,4.979326405038564
-0.5913556188581913,-0.2948170494949121,4.982571614895168
-0.591592477842006,-0.2947411395753979,4.985813689892852
-0.5918252591231314,-0.29466074647149487,4.989052482521887
-0.5920547796991268,-0.2945775017015452,4.992287843110502
-0.5922818635557073,-0.2944930428476592,4.995519620961679
-0.5925073359810371,-0.29440900196344016,4.998747665486767
-0.5927320179242028,-0.29432699407785173,5.001971827328191
-0.5929567204360374,-0.2942486058751955,5.005191959463574
-0.5931822392301315,-0.2941753846310919,5.008407918283683
-0.5934093494012648,-0.294108827483653,5.011619564636771
-0.5936388003375879,-0.29405037111764987,5.0148267648321
-0.5938713108616851,-0.2940013819373724,5.018029391595687
-0.5941075646341402,-0.2939631468010323,5.0212273249716475
-0.594348205851413,-0.29393686438594613,5.024420453162914
-0.594593835267721,-0.29392363724936504,5.02760867330552
-0.5948450065682057,-0.2939244646446962,5.030791892171169
-0.5951022231179827,-0.29394023614702197,5.0339700267933525
-0.5953659351087247,-0.2939717261353134,5.037143005012862
-0.5956365371212543,-0.2940195891716106,5.040310765939211
-0.5959143661192413,-0.2940843563097892,5.04347326032514
-0.5961996998855573,-0.2941664323584302,5.046630450852096
-0.5964927559091645,-0.29426609411386734,5.049782312325308
-0.596793690726655,-0.2943834895708115,5.052928831777825
-0.5971025997187559,-0.2945186381091637,5.0560700084836245
-0.5974195173583124,-0.29467143164684617,5.059205853880674
-0.5977444179025109,-0.29484163673983593,5.062336391405528
-0.5980772165184447,-0.29502889760218703,5.065461656241787
-0.5984177708276073,-0.295232740010806,5.068581694985427
-0.5987658828515536,-0.29545257605219805,5.07169656523064
-0.5991213013378499,-0.29568770966143315,5.074806335080465
-0.5994837244425587,-0.2959373428972793,5.077911082587018
-0.5998528027429186,-0.29620058289188156,5.081010895126649
-0.6002281425515915,-0.2964764494085926,5.084105868715782
-0.6006093095018962,-0.29676388293761957,5.087196107273583
-0.6009958323718245,-0.29706175325606987,5.090281721837911
-0.6013872071133672,-0.29736886837675924,5.09336282974124
-0.6017829010527521,-0.29768398380878536,5.09643955375343
-0.60218235722662,-0.29800581205233984,5.099512021198334
-0.602584998818927,-0.2983330322505013,5.1025803630512545
-0.6029902336634473,-0.29866429992176863,5.105644713024274
-0.6033974587771427,-0.2989982566988023,5.1087052066463725
-0.6038060648903562,-0.29933354000117685,5.111761980345135
-0.6042154409407282,-0.29966879257283785,5.11481517053666
-0.604624978498933,-0.30000267181833,5.117864912730029
-0.6050340760957329,-0.3003338588756408,5.1209113406524605
-0.6054421434214451,-0.3006610673676167,5.123954585400908
-0.6058486053706712,-0.3009830517782781,5.12699477462557
-0.6062529059070246,-0.3012986154049189,5.130032031750367
-0.6066545117245928,-0.3016066178415646,5.133066475235069
-0.6070529156849465,-0.3019059819541137,5.136098217883351
-0.6074476400106511,-0.3021957003122571,5.139127366200601
-0.6078382392184144,-0.30247484104800637,5.14215401980491
-0.6082243027771992,-0.3027425531153301,5.145178270894218
-0.6086054574788353,-0.30299807092996495,5.148200203772124
-0.608981369510849,-0.3032407183729066,5.151219894434493
-0.6093517462233909,-0.3034699121453841,5.154237410218483
-0.6097163375842692,-0.30368516446725485,5.157252809515241
-0.610074937318175,-0.30388608511473253,5.160266141547059
-0.6104273837282116,-0.30407238279715876,5.1632774462093955
-0.610773560199811,-0.3042438658761655,5.166286753977733
-0.6111133953890234,-0.3044004424340415,5.169294085878883
-0.6114468630990083,-0.3045421197014264,5.172299453525951
-0.611773981850325,-0.30466900285761206,5.175302859215798
-0.6120948141523234,-0.3047812932197468,5.178304296087527
-0.6124094654845642,-0.3048792858401158,5.181303748340123
-0.6127180829987596,-0.3049633665334265,5.184301191507112
-0.6130208539532037,-0.3050340083586604,5.187296592785751
-0.6133180038930766,-0.3050917675825773,5.190289911417999
-0.613609794591336,-0.3051372791543688,5.193281099120232
-0.6138965217661663,-0.30517125172326615,5.1962701005584115
-0.6141785125921235,-0.30519446223310537,5.199256853865168
-0.614456123023208,-0.3052077501299412,5.202241291195052
-0.6147297349470883,-0.30521201122077224,5.2052233393139975
-0.6149997531906107,-0.3052081912232837,5.208202920218858
-0.6152666023975291,-0.30519727904822114,5.211179951782717
-0.615530723800091,-0.30518029985756107,5.214154348421551
-0.6157925719067073,-0.30515830794302795,5.217126021777679
-0.6160526111283969,-0.30513237947070104,5.220094881415376
-0.6163113123670467,-0.3051036051384375,5.223060835523951
-0.6165691495887374,-0.30507308279359036,5.226023791623542
-0.6168265964054587,-0.3050419100589964,5.228983657268904
-0.6170841226884651,-0.3050111770154276,5.23194034074645
-0.6173421912363033,-0.3049819589886207,5.234893751759901
-0.6176012545201606,-0.3049553094885998,5.237843802099933
-0.6178617515286515,-0.3049322533482721,5.240790406293377
-0.6181241047334626,-0.3049137801071876,5.243733482227635
-0.6183887171964164,-0.3049008376849041,5.246672951746165
-0.6186559698375051,-0.30489432638658087,5.249608741211102
-0.6189262188822668,-0.30489509328123227,5.252540782029323
-0.6191997935055616,-0.30490392699051927,5.255469011138519
-0.6194769936873386,-0.30492155292304346,5.25839337145014
-0.6197580882943869,-0.30494862898585845,5.2613138122464065
-0.6200433134003513,-0.3049857418013431,5.264230289528926
-0.6203328708544616,-0.305033403453725,5.267142766316798
-0.6206269271075155,-0.3050920487854303,5.270051212892515
-0.6209256123016591,-0.305162033259109,5.272955606994316
-0.6212290196284656,-0.30524363139668803,5.275855933954103
-0.6215372049577295,-0.30533703580218363,5.278752186780419
-0.6218501867372956,-0.30544235677031606,5.2816443661864
-0.6221679461621515,-0.3055596224782585,5.284532480563074
-0.6224904276089452,-0.3056887797531828,5.287416545898724
-0.6228175393300742,-0.30582969540368204,5.290296585645497
-0.6231491543995408,-0.3059821580987146,5.2931726305348
-0.6234851119009077,-0.30614588077347094,5.296044718343392
-0.6238252183459319,-0.3063205035375655,5.298912893612461
-0.6241692493108166,-0.3065055970572419,5.301777207322264
-0.6245169512755288,-0.30670066637988824,5.304637716525243
-0.6248680436502738,-0.30690515516612715,5.307494483940793
-0.6252222209720358,-0.3071184502920938,5.31034757751508
-0.6255791552530663,-0.3073398867822676,5.3131970699495445
-0.6259384984623563,-0.30756875303139397,5.3160430382018795
-0.6262998851204585,-0.3078042962726234,5.318885562963417
-0.6266629349875295,-0.30804572824801385,5.321724728116965
-0.6270272558241453,-0.30829223103697556,5.324560620179194
-0.6273924462043048,-0.3085429629980801,5.32739332773173
-0.6277580983600549,-0.3087970647798853,5.330222940845074
-0.6281238010373622,-0.30905366535702894,5.333049550499488
-0.6284891423431933,-0.30931188804878856,5.335873248006869
-0.6288537125642502,-0.3095708564785637,5.338694124437592
-0.6292171069384209,-0.30982970043428515,5.341512270056158
-0.6295789283607444,-0.310087561591556,5.344327773769333
-0.6299387900065319,-0.3103435990633522,5.347140722590341
-0.6302963178552327,-0.3105969947423235,5.349951201122434
-0.6306511530996562,-0.3108469584041054,5.352759291065006
-0.6310029544262654,-0.31109273254255004,5.355565070745168
-0.6313514001534124,-0.31133359691037804,5.358368614677504
-0.6316961902156008,-0.3115688727414169,5.361169993154441
-0.6320370479831018,-0.31179792663329997,5.363969271869464
-0.6323737219075293,-0.3120201740722291,5.366766511575121
-0.6327059869852688,-0.3122350825841351,5.369561767777502
-0.633033646031961,-0.3124421744992821,5.3723550904686315
-0.6333565307625408,-0.31264102932004256,5.375146523897931
-0.6336745026726344,-0.312831285684205,5.37793610638365
-0.6339874537183987,-0.31301264291875214,5.380723870164898
-0.634295306793161,-0.313184862181562,5.383509841294659
-0.6345980160004558,-0.31334776719092156,5.386294039573898
-0.6348955667242777,-0.3135012445451065,5.389076478526638
-0.6351879754985542,-0.3136452436365608,5.391857165415623
-0.635475289678994,-0.31377977616740377,5.394636101297958
-0.6357575869215794,-0.31390491527510384,5.39741328111988
-0.6360349744730435,-0.3140207942791774,5.400188693849598
-0.6363075882797056,-0.314127605061703,5.402962322646927
-0.636575591922015,-0.3142255960962826,5.405734145068227
-0.6368391753830935,-0.31431507014182997,5.408504133304985
-0.6370985536604482,-0.31439638161922323,5.4112722544541905
-0.6373539652308535,-0.31446993369041804,5.414038470818475
-0.6376056703791794,-0.31453617506108056,5.416802740233836
-0.6378539494026529,-0.31459559652916025,5.419565016422635
-0.6380991007026952,-0.31464872730307825,5.422325249369402
-0.6383414387770621,-0.3146961311143509,5.425083385716881
-0.6385812921255379,-0.31473840215049836,5.42783936917964
-0.638819001082878,-0.3147761608349933,5.430593140972487
-0.6390549155930715,-0.31481004948178337,5.433344640250854
-0.6392893929392924,-0.3148407278525606,5.43609380456026
-0.6395227954441218,-0.31486886864544905,5.43884057029192
-0.6397554881547571,-0.3148951529441241,5.441584873141558
-0.6399878365279715,-0.31492026565656517,5.444326648568451
-0.6402202041295423,-0.3149448909726571,5.447065832251773
-0.6404529503627373,-0.314969707869704,5.449802360541322
-0.6406864282402215,-0.3149953856945804,5.452536170899767
-0.6409209822134303,-0.315022579850726,5.455267202333608
-0.6411569460730472,-0.3150519276174835,5.457995395810161
-0.64139464093372,-0.31508404412838015,5.460720694657939
-0.6416343733155605,-0.3151195185338681,5.463443044947954
-0.6418764333342911,-0.3151589103727648,5.466162395853584
-0.6421210930111376,-0.3152027461751775,5.46887869998683
-0.642368604712724,-0.31525151631806325,5.471591913708905
-0.6426191997303019,-0.3153056721527747,5.4743019974133516
-0.6428730870066642,-0.31536562342198665,5.477008915780017
-0.6431304520180339,-0.3154317359812989,5.479712637998465
-0.6433914558171224,-0.3155043298385869,5.4824131379596
-0.6436562342423957,-0.3155836775218383,5.485110394414521
-0.6439248972974038,-0.3156700027837935,5.487804391099841
-0.6441975287028152,-0.3157634796492189,5.490495116828961
-0.6444741856225729,-0.3158642318081124,5.493182565549021
-0.6447548985643505,-0.3159723323555862,5.495866736363491
-0.6450396714532675,-0.3160878038766274,5.49854763352061
